{
  "name" : "MicrosoftOAuth",
  "displayName" : "MicrosoftOAuth",
  "type" : "oauth2",
  "version" : "1.0",
  "metaPreference" : -1,
  "config" : "{\"additional_data\":{\"refresh_request\":[],\"profile_request\":[],\"authorize_request\":[],\"token_request\":[]},\"authentication_scheme\":\"query\",\"client_authentication\":{\"authentication_scheme\":\"form\",\"client_secret\":\"b9OsiGsvZdcSqEYeJ8bxLODYrdjpAORh\",\"client_id\":\"0000000040188382\"},\"scope\":\"wl.basic wl.emails wl.photos wl.skydrive_update\",\"auth_type\":\"oauth2\",\"token_endpoint\":\"https://login.live.com/oauth20_token.srf\",\"authorization_endpoint\":\"https://login.live.com/oauth20_authorize.srf\",\"profile\":{\"request_method\":\"GET\",\"profile_attribute_selectors\":{\"federation_id\":\"id\"},\"endpoint\":{\"location\":\"url\",\"value\":\"https://apis.live.net/v5.0/me\",\"type\":\"direct\"}}}",
  "policyConfig" : "{\"max_login_fail\":5,\"def_user_status\":\"pending\"}",
  "admissionPolicy" : "no_approval_needed",
  "ssoenabled" : false
}