{
  "name" : "MicrosoftOauth",
  "displayName" : "MicrosoftOauth",
  "type" : "oauth2",
  "version" : "1.0",
  "metaPreference" : -1,
  "config" : "{\"client_authentication\":{\"authentication_scheme\":\"header\",\"client_secret\":\"3epjjq0PhhxCe1Djnj4B0iX\",\"client_id\":\"db7e27a8-3cd4-48b6-b03e-7086b55fb57a\"},\"authentication_scheme\":\"query\",\"additional_data\":{\"refresh_request\":[],\"profile_request\":[],\"authorize_request\":[],\"token_request\":[]},\"scope\":\"wl.basic wl.calendars wl.emails\",\"auth_type\":\"oauth2\",\"token_endpoint\":\"https://login.live.com/oauth20_token.srf\",\"authorization_endpoint\":\"https://login.live.com/oauth20_authorize.srf\",\"profile\":{\"request_method\":\"GET\",\"profile_attribute_selectors\":{\"first_name\":\"first_name\",\"display_name\":\"name\",\"federation_id\":\"id\",\"last_name\":\"last_name\",\"custom_profile_attribute_selectors\":{}},\"endpoint\":{\"location\":\"url\",\"value\":\"https://apis.live.net/v5.0/me\",\"type\":\"direct\"}}}",
  "policyConfig" : "{\"max_login_fail\":5,\"def_user_status\":\"pending\"}",
  "admissionPolicy" : "no_approval_needed",
  "ssoenabled" : false
}