{
  "name" : "GoogleOauth",
  "displayName" : "GoogleOauth",
  "type" : "oauth2",
  "version" : "1.0",
  "metaPreference" : -1,
  "config" : "{\"client_authentication\":{\"authentication_scheme\":\"header\",\"client_secret\":\"qkkBRE7CqjOyhigyVu8op9S3\",\"client_id\":\"633849677981-kesr43ura2aeqb7tcu44tlnjb22e6br4.apps.googleusercontent.com\"},\"authentication_scheme\":\"query\",\"additional_data\":{\"refresh_request\":[],\"profile_request\":[],\"authorize_request\":[],\"token_request\":[]},\"scope\":\"profile https://www.googleapis.com/auth/tasks email\",\"grant_type\":\"authorization_code\",\"auth_type\":\"oauth2\",\"dependent_providers\":[],\"logout_url\":\"https://accounts.google.com/Logout\",\"token_endpoint\":\"https://accounts.google.com/o/oauth2/token\",\"authorization_endpoint\":\"https://accounts.google.com/o/oauth2/auth\",\"profile\":{\"request_method\":\"GET\",\"profile_attribute_selectors\":{\"federation_id\":\"id\",\"custom_profile_attribute_selectors\":{}},\"endpoint\":{\"location\":\"url\",\"value\":\"https://www.googleapis.com/plus/v1/people/me\",\"type\":\"direct\"}}}",
  "policyConfig" : "{\"max_login_fail\":5,\"def_user_status\":\"pending\"}",
  "admissionPolicy" : "no_approval_needed",
  "ssoenabled" : false
}