{
  "name" : "FacebookOAuth",
  "displayName" : "FacebookOAuth",
  "type" : "facebook",
  "version" : "1.0",
  "metaPreference" : -1,
  "config" : "{\"client_secret\":\"48ece7bf4cea1cc3c74d34ad51004693\",\"scope\":\"read_stream,user_photos\",\"callback\":\"https://100006023.auth.konycloud.com/oauth2/callback\",\"client_id\":\"230299670635246\",\"url\":\"https://graph.facebook.com\"}",
  "policyConfig" : "{\"max_login_fail\":5,\"def_user_status\":\"pending\"}",
  "admissionPolicy" : "no_approval_needed",
  "ssoenabled" : false
}