{
  "name" : "FaceBookOAuth",
  "displayName" : "FaceBookOAuth",
  "type" : "facebook",
  "version" : "1.0",
  "metaPreference" : -1,
  "config" : "{\"client_secret\":\"5e8e3b950789604f464b7c95f0dd4ff1\",\"scope\":\"email,public_profile,user_photos\",\"callback\":\"https://100000011.auth.sit2-konycloud.com/oauth2/callback\",\"client_id\":\"341980516147505\",\"url\":\"https://graph.facebook.com\"}",
  "policyConfig" : "{\"max_login_fail\":5,\"def_user_status\":\"pending\"}",
  "admissionPolicy" : "no_approval_needed",
  "ssoenabled" : false
}