{
  "name" : "yahooOauth",
  "displayName" : "yahooOauth",
  "type" : "oauth2",
  "version" : "1.0",
  "metaPreference" : -1,
  "config" : "{\"client_authentication\":{\"authentication_scheme\":\"header\",\"client_secret\":\"589df41ad81fd6ab289aca5c4bc72fc65de1dead\",\"client_id\":\"dj0yJmk9RnZsTHNsRVltVlNvJmQ9WVdrOWF6UTRWbWxDTXpRbWNHbzlNQS0tJnM9Y29uc3VtZXJzZWNyZXQmeD04OQ--\"},\"authentication_scheme\":\"header\",\"additional_data\":{\"refresh_request\":[],\"profile_request\":[],\"authorize_request\":[],\"token_request\":[]},\"auth_type\":\"oauth2\",\"token_endpoint\":\"https://api.login.yahoo.com/oauth2/get_token\",\"authorization_endpoint\":\"https://api.login.yahoo.com/oauth2/request_auth\",\"profile\":{\"request_method\":\"GET\",\"profile_attribute_selectors\":{\"federation_id\":\"xoauth_yahoo_guid\"},\"endpoint\":{\"location\":\"token_response\",\"type\":\"direct\"}}}",
  "policyConfig" : "{\"max_login_fail\":5,\"def_user_status\":\"pending\"}",
  "admissionPolicy" : "no_approval_needed",
  "ssoenabled" : false
}