{
  "name" : "InstagramOauth",
  "displayName" : "InstagramOauth",
  "type" : "oauth2",
  "version" : "1.0",
  "metaPreference" : -1,
  "config" : "{\"client_authentication\":{\"authentication_scheme\":\"form\",\"client_secret\":\"7bb3cd5f04e34b7883d58718f448242e\",\"client_id\":\"ac2750fc265b4324a9e3bee40d501190\"},\"authentication_scheme\":\"header\",\"additional_data\":{\"refresh_request\":[],\"profile_request\":[],\"authorize_request\":[],\"token_request\":[]},\"scope\":\"likes\",\"grant_type\":\"authorization_code\",\"auth_type\":\"oauth2\",\"dependent_providers\":[],\"logout_url\":\"https://instagram.com/accounts/logout\",\"token_endpoint\":\"https://api.instagram.com/oauth/access_token\",\"authorization_endpoint\":\"https://api.instagram.com/oauth/authorize\",\"profile\":{\"request_method\":\"GET\",\"profile_attribute_selectors\":{\"first_name\":\"user.username\",\"federation_id\":\"user.id\",\"last_name\":\"user.full_name\",\"custom_profile_attribute_selectors\":{}},\"endpoint\":{\"location\":\"token_response\",\"type\":\"direct\"}}}",
  "policyConfig" : "{\"max_login_fail\":5,\"def_user_status\":\"pending\"}",
  "admissionPolicy" : "no_approval_needed",
  "ssoenabled" : false
}