{
  "name" : "BoxOauth",
  "displayName" : "BoxOauth",
  "type" : "oauth2",
  "version" : "1.0",
  "metaPreference" : -1,
  "config" : "{\"client_authentication\":{\"authentication_scheme\":\"form\",\"client_secret\":\"zAgVqu3uG7pQBE4UMvSssBsSxw6q1wcp\",\"client_id\":\"5t3lfo4wb5jxdww25e7k9iy69d6rx7kt\"},\"authentication_scheme\":\"header\",\"additional_data\":{\"refresh_request\":[],\"profile_request\":[],\"authorize_request\":[],\"token_request\":[]},\"auth_type\":\"oauth2\",\"token_endpoint\":\"https://app.box.com/api/oauth2/token\",\"authorization_endpoint\":\"https://app.box.com/api/oauth2/authorize\",\"profile\":{\"request_method\":\"GET\",\"profile_attribute_selectors\":{\"federation_id\":\"id\",\"custom_profile_attribute_selectors\":{}},\"endpoint\":{\"location\":\"url\",\"value\":\"https://api.box.com/2.0/users/me\",\"type\":\"direct\"}}}",
  "policyConfig" : "{\"max_login_fail\":5,\"def_user_status\":\"pending\"}",
  "admissionPolicy" : "no_approval_needed",
  "ssoenabled" : false
}