{
  "name" : "LinkedInOAuth",
  "displayName" : "LinkedInOAuth",
  "type" : "oauth2",
  "version" : "1.0",
  "metaPreference" : -1,
  "config" : "{\"client_authentication\":{\"authentication_scheme\":\"form\",\"client_secret\":\"cV7t0XoK4bW9ZINo\",\"client_id\":\"75p10dvcd2d7e8\"},\"authentication_scheme\":\"header\",\"additional_data\":{\"refresh_request\":[{\"value\":\"json\",\"in\":\"header\",\"key\":\"x-li-format\"}],\"profile_request\":[{\"value\":\"json\",\"in\":\"header\",\"key\":\"x-li-format\"}],\"authorize_request\":[],\"token_request\":[{\"value\":\"json\",\"in\":\"header\",\"key\":\"x-li-format\"}]},\"scope\":\"r_basicprofile r_emailaddress w_share rw_company_admin\",\"auth_type\":\"oauth2\",\"token_endpoint\":\"https://www.linkedin.com/uas/oauth2/accessToken\",\"authorization_endpoint\":\"https://www.linkedin.com/uas/oauth2/authorization\",\"profile\":{\"request_method\":\"GET\",\"profile_attribute_selectors\":{\"first_name\":\"firstName\",\"federation_id\":\"id\",\"last_name\":\"lastName\"},\"endpoint\":{\"location\":\"url\",\"value\":\"https://api.linkedin.com/v1/people/~:(id,first-name,last-name,picture-url,email-address,positions,headline,picture-urls::(original))\",\"type\":\"direct\"}}}",
  "policyConfig" : "{\"max_login_fail\":5,\"def_user_status\":\"pending\"}",
  "admissionPolicy" : "no_approval_needed",
  "ssoenabled" : false
}